0,1,2,3,4,5,6,7,8,9,10,11,12,13,14,15,16,17,18,19,20,21,22,23,24,25,26,27,28,29,30,31,32,33,34,35,36,37,38,39,40,41,42,43,44,45,46,47,48,49,50,51,52,53,54,55,56,57,58,59,60,61,62,63,64,65,66,67,68,69,70,71,72,73,74,75,76,77,78,79,80,81,82,83,84,85,86,87,88,89,90,91,92,93,94,95,96,97,98,99,100
0.0,66.61,22.51,37.39,22.54,54.37,13.86,30.66,51.87,23.78,59.98,25.38,34.43,22.42,58.05,22.94,72.44,16.28,51.21,38.86,26.94,40.37,49.03,31.75,17.79,24.4,32.27,26.17,73.38,30.12,43.02,67.81,61.55,45.14,25.26,47.09,12.37,71.74,56.97,42.28,41.95,6.78,29.78,33.66,27.79,41.3,48.42,59.33,46.58,75.22,48.04,40.34,66.71,16.74,57.95,81.71,59.6,40.82,34.8,15.51,82.85,30.74,38.11,32.08,24.02,8.05,51.06,25.99,67.12,45.82,30.06,50.68,28.45,2.82,13.89,67.32,29.17,86.37,33.55,4.3,37.57,50.47,24.46,23.21,46.63,16.47,57.93,55.09,21.98,17.27,19.44,49.24,19.83,26.33,61.26,41.39,78.35,31.23,52.44,50.97,63.07
76.86,0.0,77.94,35.03,34.63,83.27,58.38,38.66,71.7,78.46,66.69,79.86,77.91,103.35,69.17,72.64,95.47,80.47,69.6,96.88,46.89,109.09,96.28,61.79,63.39,69.25,39.18,55.6,95.03,45.4,90.25,60.25,99.85,65.8,60.65,22.14,80.09,99.51,72.05,52.41,108.36,74.6,49.44,38.03,84.9,100.54,84.26,109.87,77.33,47.52,65.11,61.92,52.55,48.16,90.18,129.01,105.12,68.36,108.54,77.27,125.91,73.2,54.14,19.73,84.73,65.45,87.88,60.47,30.98,90.65,43.66,68.71,49.43,77.72,60.41,81.55,57.01,146.64,38.81,48.17,39.58,17.96,70.35,38.27,125.81,49.06,49.28,49.55,41.3,57.5,69.7,37.39,59.55,85.65,100.2,116.15,128.08,89.34,72.91,91.91,104.5
22.51,84.44,0.0,52.18,36.88,49.88,20.16,47.08,45.94,18.22,47.11,27.46,35.28,14.49,89.04,45.63,59.3,6.43,50.26,18.24,37.4,31.91,50.01,32.54,18.24,42.5,38.57,33.33,87.49,31.12,28.22,105.17,85.23,47.52,39.76,81.35,3.46,64.53,56.59,36.03,43.31,20.3,63.18,59.8,30.64,18.92,54.85,58.4,54.94,123.77,53.56,50.86,70.38,33.88,51.16,62.38,45.28,42.33,34.93,25.83,86.06,33.63,33.31,67.98,19.21,27.58,34.97,41.4,71.52,42.83,28.58,55.09,31.25,16.34,8.25,51.88,34.03,92.25,48.72,20.65,35.33,69.59,52.69,57.32,44.04,31.75,68.86,54.58,32.44,32.36,4.75,75.0,14.24,23.14,66.75,26.12,70.87,8.86,31.76,89.78,50.29
34.51,42.04,56.53,0.0,21.94,95.28,39.64,24.78,55.0,70.28,91.07,53.21,61.43,48.9,47.1,40.42,96.33,50.2,52.26,79.25,10.94,48.77,44.57,48.52,37.75,50.75,37.6,13.11,104.07,37.32,61.7,38.37,49.88,76.8,26.47,17.34,41.1,116.5,56.85,64.14,47.38,30.32,17.36,28.69,41.72,66.72,56.74,90.92,37.03,75.5,62.8,34.96,24.84,23.95,81.19,89.93,53.2,82.48,68.06,39.91,92.97,53.78,67.75,29.69,53.06,28.1,81.37,13.67,16.19,77.27,51.51,85.55,19.73,36.83,44.31,100.42,24.12,64.13,45.12,27.8,49.44,44.75,29.4,13.36,75.91,27.97,10.55,72.23,39.54,57.47,57.03,52.34,52.99,36.32,54.81,75.55,114.21,74.36,86.17,56.31,79.56
22.54,43.29,55.32,21.94,0.0,72.01,21.84,6.91,58.16,53.02,80.89,45.86,32.2,52.09,67.03,34.19,90.33,33.34,72.46,40.74,6.11,58.22,66.03,31.28,31.9,26.71,21.21,25.55,95.35,15.02,62.75,45.51,63.29,42.25,52.57,19.34,40.45,74.52,48.9,37.32,53.62,25.21,37.13,4.66,44.34,49.47,53.04,82.96,46.28,79.22,57.24,47.07,32.41,30.71,63.04,96.2,61.3,47.45,82.52,30.79,74.28,35.3,34.67,11.01,31.95,17.74,80.65,23.05,36.68,43.91,28.69,50.95,23.62,35.06,38.14,94.61,30.28,94.31,26.75,19.72,24.54,30.43,38.56,8.13,84.61,28.05,34.69,40.69,13.91,31.72,54.02,33.04,43.62,55.91,62.91,63.06,108.24,62.26,50.93,63.55,79.81
62.74,83.27,49.88,76.23,57.61,0.0,39.77,69.49,97.74,31.84,13.12,24.87,24.53,68.55,99.0,83.96,21.71,54.15,84.49,24.71,63.55,64.59,82.57,24.48,36.03,25.6,40.81,78.3,29.97,53.25,17.54,111.61,106.7,17.92,87.12,99.82,43.91,18.39,10.41,11.68,66.6,48.25,70.07,57.52,68.84,50.12,11.84,12.6,116.1,84.57,3.25,90.51,79.94,53.81,5.38,26.64,100.3,10.24,87.28,62.46,124.69,28.08,25.68,47.95,31.06,53.33,11.7,74.62,91.42,4.1,24.11,6.85,72.02,39.58,63.02,17.84,61.25,136.07,49.45,59.92,37.7,46.43,79.23,71.33,112.6,54.9,96.19,23.12,44.64,38.75,60.57,36.5,27.95,66.19,97.77,33.65,24.34,44.67,8.98,120.47,29.86
13.86,48.65,20.16,39.64,21.84,49.71,0.0,30.26,58.88,16.73,61.6,12.46,22.59,38.9,79.18,32.1,41.34,19.96,77.42,23.78,29.02,42.7,49.46,21.28,7.27,22.8,16.51,32.77,62.57,21.49,43.27,80.79,72.51,35.96,41.22,40.73,17.34,70.26,28.82,39.02,36.87,19.73,37.18,24.19,27.33,28.79,42.2,56.78,57.54,87.6,31.62,55.14,74.24,26.88,47.21,71.59,65.68,32.59,54.96,20.94,94.85,24.56,20.19,37.6,11.21,11.84,45.79,38.08,48.06,35.22,16.97,51.18,34.96,8.9,18.76,66.96,42.74,81.14,31.44,8.18,26.44,36.74,49.35,30.71,71.07,32.63,65.22,41.91,15.67,12.04,32.26,33.83,17.63,25.96,75.12,37.0,74.14,30.13,31.66,77.41,46.53
25.55,25.77,51.0,26.85,5.52,55.59,30.26,0.0,79.61,36.08,67.19,45.51,37.31,52.37,77.83,46.45,77.28,43.36,79.29,53.42,13.53,48.97,72.76,28.51,36.1,32.94,22.96,38.84,73.09,16.94,62.21,48.36,63.65,39.09,59.42,30.34,53.89,72.33,38.64,52.82,48.98,24.88,49.49,1.68,40.99,67.21,58.26,54.14,43.07,84.53,46.32,52.57,35.35,32.33,66.42,107.75,85.49,45.62,70.71,34.68,102.55,36.56,40.14,8.09,42.18,23.72,79.44,25.93,45.17,54.94,33.76,49.7,33.85,33.86,51.99,74.54,34.78,124.66,14.6,29.13,28.51,22.6,34.26,18.45,60.69,39.02,44.81,33.67,15.65,36.49,52.76,30.12,41.64,61.72,85.51,53.38,91.26,51.99,61.78,74.52,79.32
47.88,107.54,55.13,36.67,72.7,105.89,63.78,79.61,0.0,75.15,134.68,91.43,79.66,42.72,27.49,20.36,102.46,61.74,8.16,82.33,64.65,22.09,10.89,64.98,77.22,63.92,81.59,40.76,151.5,66.34,73.6,41.88,18.77,101.29,14.79,50.4,55.51,94.3,116.81,112.59,25.02,34.17,29.01,62.52,30.7,62.69,100.29,84.09,16.94,131.21,103.22,11.73,49.82,45.14,108.81,128.67,23.99,88.64,40.33,35.52,30.99,98.09,68.57,88.53,57.62,40.09,96.54,49.82,55.66,101.33,74.67,105.57,37.67,54.64,48.35,106.88,30.98,48.12,82.41,63.65,66.99,107.63,22.58,54.1,27.39,28.82,44.01,112.42,86.18,85.59,46.86,97.94,54.2,28.34,9.34,87.28,156.25,68.13,89.45,19.76,131.61
23.78,60.35,21.03,60.91,35.35,29.39,13.94,54.12,75.15,0.0,39.85,8.69,21.06,36.72,93.34,49.51,37.04,25.82,79.82,9.17,45.72,48.13,90.28,22.1,9.13,17.0,34.11,59.8,57.81,33.15,20.95,90.84,100.24,34.11,57.0,70.85,15.73,47.51,31.0,26.93,42.16,31.92,64.47,44.66,39.68,31.35,27.17,34.22,71.98,106.03,26.4,63.28,94.82,39.23,33.81,49.45,76.82,18.59,56.02,28.21,119.28,18.91,32.02,53.12,5.11,30.41,27.49,50.51,80.6,26.02,27.5,30.5,38.78,20.97,21.25,41.63,57.5,89.45,35.14,25.19,32.23,55.32,44.07,59.3,75.95,50.31,85.84,36.12,38.92,12.51,25.21,60.42,5.4,36.91,68.74,22.5,69.54,14.04,23.11,84.33,32.92
74.98,86.7,70.66,91.07,53.93,10.49,53.39,67.19,89.78,33.21,0.0,28.84,28.55,73.74,159.76,109.29,20.23,65.42,138.96,29.3,77.04,87.93,108.6,29.87,38.3,27.88,49.08,81.32,16.95,41.48,25.71,119.22,145.1,25.13,112.86,71.72,54.34,12.16,19.81,16.62,112.87,73.11,77.54,53.35,65.96,50.26,13.37,17.84,110.83,52.26,11.64,108.52,103.49,73.93,14.86,30.23,110.76,20.8,98.63,72.62,135.02,33.26,25.04,52.34,42.14,62.37,22.82,64.53,98.15,15.4,39.59,18.25,88.11,57.34,75.96,19.71,69.43,146.15,37.51,47.88,29.8,48.75,110.89,61.24,108.94,62.74,120.57,30.63,52.03,40.09,73.66,38.13,47.62,76.56,117.0,35.77,24.49,51.67,20.12,100.57,28.07
21.15,53.24,31.68,66.51,36.69,26.94,14.95,45.51,91.43,8.69,34.61,0.0,6.08,51.4,101.96,44.02,29.85,22.8,63.82,14.82,34.46,59.07,61.85,16.28,9.51,12.53,14.56,59.57,48.05,24.88,26.55,88.54,88.67,34.37,55.68,64.87,18.34,34.39,26.02,19.69,70.73,35.78,49.59,47.55,37.67,38.38,24.63,33.4,68.03,93.18,24.92,65.66,60.9,49.7,23.9,70.8,97.04,12.92,49.98,41.44,100.91,10.7,15.24,41.08,6.83,28.85,23.49,37.38,75.94,25.54,15.01,21.77,59.03,24.63,34.08,39.5,48.72,139.48,25.62,28.86,21.05,49.52,45.31,54.25,67.99,34.2,82.33,21.47,22.85,6.18,37.07,41.22,10.39,35.76,79.81,29.27,53.51,24.25,16.71,107.93,35.94
39.73,77.91,35.28,47.26,38.64,19.62,22.59,31.09,66.38,21.06,35.68,7.3,0.0,60.51,82.79,64.25,28.41,34.64,89.69,14.73,47.88,51.42,86.75,10.79,18.35,7.65,19.25,66.04,34.78,25.84,26.23,92.12,94.83,26.49,51.71,76.8,24.41,36.55,13.83,13.64,53.08,48.81,53.83,32.61,56.64,52.32,10.76,27.74,79.91,56.75,23.37,71.72,63.73,45.39,30.66,55.86,70.69,9.48,56.06,48.91,116.83,4.72,10.41,33.88,14.5,36.69,32.89,53.37,90.6,18.5,8.66,28.14,65.98,29.28,37.37,46.54,68.8,147.69,25.49,24.16,16.69,42.79,65.2,38.69,94.06,46.75,57.76,19.67,22.94,9.62,36.7,33.57,16.29,62.59,100.64,27.46,52.88,25.74,15.39,99.83,35.41
24.29,82.68,17.38,61.13,40.07,63.28,33.71,43.64,49.29,33.9,79.89,34.27,52.44,0.0,69.18,25.54,80.42,17.21,56.82,42.54,57.47,15.83,46.48,65.35,38.23,52.37,63.67,28.21,94.52,58.06,55.43,75.89,45.52,90.81,22.24,64.67,19.47,83.35,61.74,59.3,14.62,25.01,34.67,65.6,10.36,19.55,75.58,53.37,46.05,111.96,65.18,40.64,69.43,29.19,64.61,99.88,37.02,69.75,16.35,12.1,51.77,52.79,54.47,60.39,38.44,38.1,64.14,41.42,84.98,49.89,51.74,61.46,37.78,28.82,14.12,85.99,19.27,81.7,60.3,22.24,46.23,60.73,31.83,46.03,22.45,28.75,58.09,80.47,48.64,39.58,17.03,59.45,37.33,5.25,45.76,44.77,95.51,26.18,59.83,72.0,82.82
69.66,69.17,68.49,39.25,83.79,128.7,85.78,77.83,41.24,93.34,159.76,78.43,107.63,69.18,0.0,57.49,159.4,75.84,25.5,108.94,74.64,72.96,28.4,78.1,69.74,118.2,113.1,38.77,152.34,99.98,140.81,22.87,12.27,116.93,46.31,56.95,67.79,112.82,140.36,135.5,55.05,51.29,43.45,75.88,74.58,100.26,111.83,134.72,34.06,113.89,117.12,34.34,34.53,54.46,102.3,150.72,68.58,108.82,70.15,61.53,38.12,121.42,99.05,76.54,91.76,81.86,120.72,54.96,46.07,142.63,76.45,120.08,39.16,60.4,80.48,142.74,48.16,47.58,73.53,77.06,119.0,98.73,40.5,62.06,75.28,66.59,38.19,112.78,89.19,109.8,91.76,124.29,96.65,63.04,44.07,90.26,159.92,90.35,110.8,16.91,142.96
22.94,90.79,45.63,32.33,34.19,96.87,41.73,38.71,22.05,41.26,94.72,52.83,49.42,29.47,57.49,0.0,90.09,32.86,20.14,70.47,29.75,21.46,23.54,62.78,34.58,61.13,60.04,17.11,109.28,50.92,68.7,66.43,31.73,67.6,2.72,41.37,36.21,93.13,91.36,75.54,12.69,26.0,16.38,45.64,14.03,38.89,78.24,81.1,15.82,94.19,62.61,11.99,53.73,14.12,100.48,90.54,40.85,68.31,34.12,15.96,41.54,72.67,51.73,67.75,48.99,35.48,64.09,26.28,49.24,79.34,68.1,77.45,16.65,30.1,29.0,109.41,4.84,63.75,47.4,25.5,65.53,74.79,8.11,34.51,23.68,19.32,41.25,75.89,41.33,52.14,32.27,71.8,56.52,21.61,22.53,62.56,113.83,48.31,69.22,35.32,72.27
48.3,103.43,39.53,96.33,90.33,16.7,49.6,77.28,102.46,37.04,20.23,35.82,42.62,53.62,138.15,90.09,0.0,66.35,89.41,29.22,64.3,85.5,88.52,50.26,36.96,34.27,41.06,102.36,27.19,72.26,12.51,155.15,142.82,41.34,93.53,79.44,58.76,14.49,25.06,27.53,68.22,71.6,117.03,91.4,71.94,48.89,28.78,10.62,83.8,93.84,19.14,81.0,135.97,61.14,17.39,37.22,108.61,27.11,78.36,84.05,105.25,31.48,41.35,93.31,36.25,69.12,9.73,80.07,105.88,25.38,48.18,14.55,67.26,59.73,58.74,5.57,99.92,139.65,71.33,57.07,52.01,74.79,87.05,85.82,96.92,74.42,110.01,47.31,47.52,36.0,47.5,52.82,41.5,68.8,100.79,20.82,25.22,40.18,24.46,118.28,12.3
10.85,74.28,6.97,46.34,50.01,62.48,19.96,43.36,41.16,17.21,75.49,22.8,43.3,11.47,63.2,32.86,53.08,0.0,45.26,28.99,43.19,27.54,44.81,42.33,14.14,28.98,31.69,28.08,92.42,29.2,48.78,84.3,77.41,58.91,33.57,49.91,6.72,64.35,52.02,56.92,32.44,18.36,44.13,47.57,15.93,22.1,58.46,51.76,60.74,82.54,50.97,37.19,53.51,25.05,56.1,99.72,42.08,42.16,35.7,11.99,81.01,37.94,40.9,51.01,21.79,18.88,47.22,29.55,71.22,50.24,34.44,40.58,25.93,12.11,1.69,57.49,29.99,72.46,36.29,13.73,45.87,51.65,38.72,50.79,50.82,21.21,62.25,55.22,36.94,21.76,11.58,63.94,13.7,16.26,48.21,32.48,94.9,18.23,34.85,65.65,46.99
55.47,104.4,60.32,45.29,57.97,109.84,67.1,68.72,6.28,79.82,92.64,63.82,103.49,37.88,31.88,30.21,134.11,54.31,0.0,67.12,55.36,33.35,8.74,86.65,54.48,85.89,64.27,35.53,155.64,56.34,77.39,47.16,12.19,86.23,17.56,57.37,75.37,97.67,96.44,92.91,29.96,43.75,20.44,67.25,36.3,86.12,119.6,87.72,13.2,109.19,99.14,14.13,40.8,47.44,87.05,143.79,33.51,76.65,37.21,50.06,35.47,81.3,91.67,87.63,79.12,54.23,101.08,42.84,42.64,121.27,83.42,101.55,25.95,67.37,53.08,93.06,34.87,39.57,83.51,67.26,68.47,92.57,19.42,61.37,43.65,36.47,33.16,76.37,87.72,71.39,67.07,113.48,75.16,33.07,15.79,86.13,129.2,73.96,116.42,12.47,138.26
31.09,83.96,21.88,52.83,40.74,20.59,23.78,61.64,82.33,9.17,38.09,13.68,22.1,42.54,125.7,56.37,26.97,28.99,80.54,0.0,56.99,53.78,66.08,32.05,22.63,19.33,25.91,68.96,40.37,45.2,12.33,106.3,109.13,33.04,64.48,72.02,22.27,47.13,32.99,25.75,61.14,42.48,55.69,42.34,38.23,26.03,24.76,25.0,91.99,106.47,17.71,70.3,83.09,38.78,27.47,53.06,63.48,24.81,55.91,33.79,126.6,17.33,27.26,45.42,13.22,40.8,20.55,67.38,81.37,24.13,21.33,22.2,58.32,30.64,23.05,26.05,44.18,123.19,42.55,25.47,27.11,59.32,50.07,45.34,82.19,59.43,94.86,46.59,45.39,20.23,29.72,51.05,11.34,46.5,62.46,13.03,49.17,20.66,18.88,76.15,26.83
26.94,31.26,56.11,14.23,9.17,79.44,31.44,13.53,51.72,45.72,88.89,44.79,55.25,45.97,49.76,44.62,64.3,39.87,63.88,56.99,0.0,53.91,45.76,44.3,29.03,31.64,34.71,16.08,82.99,17.82,62.5,52.14,51.18,48.15,36.33,20.25,41.41,100.65,69.08,55.43,53.36,22.95,33.89,10.99,34.11,74.97,55.2,77.71,42.53,99.91,62.89,33.66,27.01,20.29,74.45,95.07,74.07,53.32,62.78,37.05,103.37,41.09,44.59,19.11,52.57,18.75,75.29,14.87,24.01,63.52,28.91,83.3,18.78,23.83,37.89,87.51,26.02,109.13,31.01,30.57,45.38,43.03,36.61,2.66,63.27,17.81,21.12,44.7,29.23,33.96,50.27,50.33,46.6,41.84,71.18,71.42,77.24,64.11,47.08,70.39,91.26
34.99,94.55,34.57,60.96,67.18,96.88,53.38,48.97,28.72,40.11,95.25,68.15,66.85,12.17,48.64,18.59,78.93,29.83,33.35,58.26,49.77,0.0,38.91,63.9,47.05,50.62,51.72,33.08,101.47,46.5,71.23,57.95,43.65,106.88,15.97,71.35,28.0,114.35,81.6,72.61,2.84,29.26,36.76,63.25,10.09,45.85,74.14,85.18,27.95,153.0,93.13,23.22,60.09,24.58,65.89,88.98,28.91,69.62,11.94,19.62,47.53,66.71,66.83,66.83,49.26,31.42,73.81,42.77,71.84,73.91,64.64,82.27,24.23,33.9,29.59,69.48,16.52,66.06,71.01,36.46,72.49,80.72,33.62,40.92,18.01,23.67,69.04,76.2,48.53,51.93,26.25,67.64,47.63,12.62,24.23,60.23,85.63,38.74,75.14,57.26,80.6
49.03,96.28,50.01,29.71,66.03,123.85,59.35,58.21,10.89,90.28,90.5,61.85,100.1,58.1,18.93,19.62,132.78,44.81,7.0,85.9,38.13,35.92,0.0,95.37,68.53,82.44,73.3,30.77,131.94,68.7,114.43,30.99,6.83,108.15,20.27,63.4,74.38,144.07,116.92,97.35,32.68,34.32,20.27,61.47,30.82,58.24,116.1,86.39,8.27,136.08,121.31,7.63,33.81,28.94,102.52,163.42,37.05,74.51,48.45,42.66,39.45,78.32,81.18,64.54,71.15,46.64,124.65,34.58,44.2,102.45,61.35,124.62,22.89,51.81,56.7,138.18,28.49,34.64,60.54,63.96,84.8,86.51,24.86,36.35,33.17,27.78,41.11,87.65,71.45,74.28,77.78,92.98,73.66,43.74,21.69,86.09,159.21,85.15,75.75,10.12,119.31
34.4,49.43,48.82,60.65,28.87,24.48,26.6,28.51,97.48,28.73,44.81,17.64,16.18,52.28,117.14,72.44,38.66,32.56,86.65,32.05,29.53,63.9,76.3,0.0,27.92,6.92,3.7,48.01,39.62,11.72,42.36,83.45,69.3,25.49,50.22,42.12,38.04,46.02,20.08,13.3,70.74,37.18,64.17,35.35,67.39,63.8,16.91,42.62,87.18,60.05,37.12,74.41,56.43,35.05,35.29,59.98,93.99,16.39,71.85,57.59,89.74,11.52,6.3,30.74,18.3,32.45,48.35,42.99,77.96,26.59,5.16,33.9,40.78,30.01,38.26,40.97,66.6,116.23,13.37,34.8,3.63,24.95,47.27,41.01,84.62,43.57,75.94,12.32,15.23,16.46,55.17,27.27,22.98,43.67,80.21,48.95,62.76,43.08,25.87,95.38,55.16
15.42,52.82,18.24,37.75,39.87,39.03,7.27,27.77,77.22,10.95,49.79,9.51,15.29,33.13,90.66,51.86,36.96,21.22,65.37,18.11,34.84,54.29,79.08,27.92,0.0,19.29,27.16,37.59,74.3,27.05,29.34,86.73,76.95,35.13,44.39,59.22,12.81,64.99,34.81,29.21,49.14,18.49,41.16,34.52,33.93,37.71,33.67,50.84,61.97,89.25,36.63,45.47,54.15,31.69,42.53,84.35,83.2,33.64,62.4,26.85,74.61,19.72,25.92,49.67,10.16,16.32,46.5,38.85,79.32,26.46,19.09,45.59,39.75,12.44,17.85,40.35,40.6,83.49,28.33,13.78,32.08,60.02,54.42,30.43,57.17,38.02,72.23,28.37,28.52,11.51,24.03,53.97,8.37,34.44,77.83,26.01,80.16,24.07,23.14,94.25,41.89
29.28,46.16,34.0,50.75,32.05,32.0,15.2,38.01,76.71,17.0,41.82,8.36,8.83,40.28,94.56,61.13,34.27,37.67,79.28,25.13,37.97,60.75,95.12,7.98,17.8,0.0,9.09,40.2,46.06,14.25,30.31,86.07,83.29,31.13,73.71,68.28,37.8,46.1,19.22,13.85,67.62,29.76,49.86,32.27,42.46,48.99,17.42,43.21,87.05,54.25,31.54,56.72,76.23,34.52,31.01,57.17,104.75,15.4,67.73,46.97,132.18,3.35,5.11,27.99,17.32,24.56,33.34,47.69,65.9,25.84,2.84,36.54,52.69,22.61,28.52,47.86,51.92,124.76,20.76,27.98,10.21,36.27,60.96,40.28,62.27,35.72,68.53,17.74,15.98,8.83,48.51,35.05,21.87,40.93,84.79,42.04,45.6,33.97,19.02,95.38,61.95
32.27,58.77,32.14,48.89,25.45,35.37,21.47,28.7,94.14,34.11,39.27,17.47,15.4,63.67,113.1,69.28,41.06,31.69,64.27,33.68,32.04,51.72,91.63,4.27,18.11,10.48,0.0,56.2,42.46,11.57,45.44,100.04,100.09,26.57,62.44,59.02,34.53,53.48,19.57,24.21,63.33,34.72,46.72,26.99,52.02,64.04,25.63,45.94,66.73,61.06,27.36,65.83,53.58,49.1,38.48,63.39,70.64,28.51,58.79,36.74,87.69,11.62,11.53,25.38,24.49,34.02,51.9,43.08,58.97,34.75,5.95,46.24,49.85,35.33,40.16,43.47,42.25,94.55,8.27,21.44,5.07,35.31,58.32,34.46,95.46,34.0,47.78,18.29,8.76,12.92,43.85,23.3,27.82,63.36,77.79,38.93,61.31,33.32,26.88,92.07,48.22
20.13,69.5,43.33,15.73,31.94,72.27,27.31,25.9,40.76,47.84,88.1,59.57,44.02,36.67,58.16,18.53,102.36,42.12,35.53,59.76,16.08,33.08,28.4,60.02,46.99,60.3,48.71,0.0,117.8,35.02,66.89,47.83,43.94,59.6,18.66,35.53,47.39,111.13,71.39,77.61,31.83,17.51,12.84,32.43,21.77,44.63,81.73,97.7,23.61,98.63,88.31,23.47,33.29,7.36,82.69,86.84,49.53,67.48,51.02,23.89,79.49,42.25,66.32,41.51,45.72,18.96,81.02,9.28,42.77,56.31,45.57,92.15,4.34,29.16,34.41,107.5,11.09,57.76,44.34,24.88,49.91,44.62,12.56,14.81,45.44,10.31,30.44,59.25,40.69,41.31,47.83,62.89,36.64,28.21,47.07,65.17,84.3,59.87,64.31,50.04,109.03
79.5,87.72,75.82,104.07,76.28,19.98,62.57,73.09,151.5,66.71,13.56,52.06,45.22,72.71,117.18,100.88,40.78,80.1,134.89,40.37,82.99,109.92,152.24,39.62,49.53,46.06,50.95,78.54,0.0,77.02,41.32,130.89,161.46,29.53,129.62,80.54,67.88,19.33,30.71,40.28,103.85,87.51,88.23,75.1,92.71,60.87,24.09,22.31,115.43,50.64,27.2,141.83,143.96,108.84,25.72,17.79,124.27,32.57,113.04,107.69,123.81,54.44,45.38,60.71,52.46,62.79,32.05,112.53,109.12,30.05,61.17,33.57,118.04,76.67,61.94,32.8,104.76,199.54,46.38,70.72,50.77,66.29,127.37,92.52,95.02,95.83,108.26,50.01,49.7,66.53,78.22,66.57,71.88,112.65,131.67,68.39,14.72,70.29,34.8,144.99,33.73
24.1,34.92,31.12,37.32,18.77,42.6,18.62,13.56,71.87,33.15,49.78,28.7,23.85,46.45,99.98,50.92,72.26,35.04,84.51,36.16,26.72,69.74,63.42,17.59,18.03,17.1,8.9,43.78,61.62,0.0,43.88,75.23,69.94,40.02,52.98,31.33,35.96,49.58,33.94,24.86,56.59,22.48,57.23,16.59,57.16,51.62,28.3,64.48,56.81,72.24,35.27,70.41,44.76,37.85,40.09,79.97,84.28,32.47,82.32,31.42,104.84,22.09,21.44,23.05,21.7,18.71,54.19,36.73,40.69,37.69,13.71,46.3,45.62,29.37,36.42,61.06,52.72,86.74,10.74,21.45,15.21,26.97,55.4,25.77,70.2,31.81,50.6,30.36,2.17,19.91,46.58,25.38,24.64,56.23,69.53,55.54,77.54,34.07,30.06,93.65,82.21
43.02,83.31,36.68,92.55,48.27,20.24,43.27,71.78,73.6,19.33,27.85,17.7,20.98,55.43,140.81,68.7,12.51,32.52,92.87,12.33,78.13,71.23,99.18,42.36,29.34,34.97,39.38,83.61,41.32,54.85,0.0,90.97,124.4,44.83,59.86,101.37,32.84,25.92,22.44,23.8,57.09,42.62,85.19,73.91,48.42,37.82,17.3,13.96,92.93,82.51,10.24,89.46,117.35,48.66,15.61,34.2,73.2,14.15,55.72,44.07,122.73,30.95,24.73,66.56,26.55,61.0,10.27,54.23,114.11,17.51,33.75,12.24,82.21,40.19,33.31,19.13,65.3,125.96,44.51,35.04,30.08,68.8,78.23,64.5,96.57,59.47,108.32,37.78,47.01,23.88,34.95,66.64,29.44,45.92,94.43,17.46,46.26,22.91,15.6,129.56,23.74
73.47,65.27,91.15,29.52,68.27,139.51,80.79,58.03,62.82,75.7,149.03,73.79,115.15,63.24,27.44,53.15,124.12,64.84,43.53,98.13,52.14,86.93,40.29,104.32,100.08,71.73,86.7,44.15,109.07,57.87,90.97,0.0,36.31,131.18,42.13,30.75,88.85,128.59,129.22,107.54,72.37,60.14,37.17,70.04,66.73,81.13,86.11,99.43,30.53,126.21,120.01,45.98,13.11,52.93,116.61,155.13,61.87,126.71,104.27,65.19,71.53,89.15,111.53,50.17,95.35,50.4,145.81,55.28,23.91,133.37,103.53,95.32,58.49,76.31,75.9,127.98,52.77,65.49,75.54,73.24,91.03,72.86,47.76,45.79,63.63,52.39,24.72,99.34,89.11,88.15,88.15,83.38,87.3,75.47,63.79,136.44,117.32,99.72,86.96,36.37,108.6
61.55,99.85,85.23,39.91,63.29,88.91,66.93,79.57,20.33,86.87,125.75,102.31,72.95,68.27,14.73,31.73,142.82,61.93,14.07,72.75,63.97,54.56,6.83,103.95,71.03,90.23,66.73,35.15,107.64,87.42,99.52,27.93,0.0,106.65,23.72,57.76,56.35,133.25,100.86,121.39,43.7,48.87,20.22,62.05,37.62,78.05,83.55,92.95,11.52,141.36,130.95,14.46,28.12,35.13,110.28,138.45,41.92,96.93,46.36,47.54,32.43,71.36,88.2,57.88,85.56,53.85,107.67,50.84,56.25,102.13,80.7,116.45,34.75,49.68,65.51,98.8,42.97,37.45,78.87,48.97,70.82,70.52,34.37,40.75,46.16,51.03,37.46,78.52,78.46,82.33,70.42,114.3,63.32,40.45,33.73,94.27,112.63,63.59,98.56,5.15,147.83
54.17,75.92,71.28,70.9,42.25,21.5,46.75,46.91,84.41,51.16,21.78,31.72,24.46,78.7,97.44,81.12,41.34,49.09,103.48,49.57,72.23,71.26,124.78,19.61,42.16,20.76,22.14,71.52,27.26,46.17,35.87,87.45,88.87,0.0,83.55,69.84,53.72,26.88,14.74,14.04,109.08,75.41,103.28,52.99,94.74,70.86,19.15,35.58,77.72,58.31,30.93,115.24,89.32,81.92,34.3,46.01,117.66,21.63,114.61,68.26,130.61,29.94,23.81,57.34,47.28,44.52,29.59,66.29,103.18,19.75,33.3,23.63,90.57,56.37,48.83,45.54,95.66,116.37,29.42,54.83,18.11,32.67,100.3,50.2,107.61,67.03,68.87,14.35,34.61,33.65,61.03,26.22,54.95,92.32,85.94,65.69,52.4,54.84,19.71,92.96,63.98
30.31,90.97,33.14,26.47,45.56,67.01,51.53,51.5,17.75,57.0,90.29,60.32,77.56,26.69,46.31,2.72,107.92,36.37,22.83,64.48,30.27,20.77,20.27,65.28,44.39,58.96,57.64,17.22,112.33,40.75,59.86,42.13,23.72,104.43,0.0,40.91,49.27,80.12,82.12,60.32,21.01,23.25,14.77,50.49,17.13,41.56,93.71,105.24,13.18,143.18,65.09,9.27,41.0,20.19,104.25,120.97,26.95,88.91,27.83,23.99,59.85,65.84,53.78,45.93,43.32,30.46,66.7,30.75,59.82,82.45,47.43,100.6,14.94,41.18,32.21,98.26,7.04,56.2,58.73,27.67,78.38,58.45,10.43,29.13,36.46,14.26,36.47,60.22,42.92,42.32,41.98,91.78,40.27,20.44,22.66,71.31,108.13,39.88,90.18,34.75,97.46
47.09,26.56,54.23,17.34,25.14,86.51,61.09,24.27,65.52,54.5,86.06,59.88,66.56,70.06,61.69,49.64,79.44,74.87,57.37,90.03,21.94,54.89,42.27,54.75,45.55,59.17,51.15,32.8,96.64,31.33,101.37,39.97,53.32,69.84,40.91,0.0,77.07,80.46,76.4,83.04,53.84,35.22,36.55,22.36,48.57,80.13,59.02,89.17,37.8,100.34,66.52,61.02,22.92,40.96,106.96,137.8,87.84,87.36,79.75,65.74,112.63,62.78,56.32,20.04,61.45,37.51,87.56,22.24,10.93,62.48,55.49,69.88,30.66,48.83,48.24,98.64,46.1,90.75,44.52,48.43,54.49,29.97,51.04,24.08,78.05,48.03,15.83,61.44,41.92,56.86,58.67,38.98,78.7,49.85,67.51,93.02,90.34,77.49,92.04,72.84,111.59
12.37,73.93,3.46,53.43,50.56,36.59,13.34,53.89,46.26,15.73,45.29,18.34,36.61,24.34,81.35,39.23,50.93,6.21,50.24,17.13,41.41,33.6,49.59,29.26,12.81,37.8,34.53,31.59,56.56,41.5,41.05,68.35,67.62,67.15,39.42,51.38,0.0,48.45,52.96,40.1,45.12,21.91,52.95,54.91,31.66,18.95,44.47,49.35,54.14,79.28,51.14,42.0,56.6,24.25,49.4,79.7,56.43,39.38,37.98,21.94,101.18,37.59,30.23,50.34,16.1,24.17,44.47,32.24,74.25,50.51,30.37,35.41,29.78,12.83,7.82,55.69,33.26,77.63,40.83,17.01,41.66,50.07,51.24,35.42,46.4,29.74,60.99,50.49,28.98,21.95,9.81,69.9,8.67,24.32,58.96,34.18,58.1,8.47,38.78,77.42,63.31
82.78,114.82,49.64,116.5,93.15,21.22,56.2,72.33,122.59,47.51,10.13,34.39,39.59,83.35,169.23,93.13,14.49,53.62,97.67,37.71,87.23,91.48,96.04,49.85,51.99,35.46,49.36,74.09,12.89,49.58,25.92,160.73,153.74,40.32,120.18,104.6,48.45,0.0,32.65,25.14,78.45,92.66,125.93,74.28,90.41,75.37,21.44,13.17,118.26,91.79,15.22,88.77,122.31,80.99,13.81,15.52,123.2,27.22,77.29,97.07,150.57,39.44,40.24,79.95,55.22,75.86,19.99,92.89,90.23,21.89,45.87,19.64,73.72,79.32,54.23,18.52,89.35,151.2,60.49,80.38,46.44,58.64,103.46,69.01,128.96,102.81,105.77,42.32,48.35,47.78,50.73,57.75,48.17,87.29,93.79,51.16,15.35,66.77,24.61,106.16,20.86
37.98,72.05,45.27,73.9,52.97,13.02,34.58,46.37,101.23,31.0,13.21,22.55,17.29,77.18,112.28,60.91,32.58,40.01,120.55,28.59,55.26,94.15,101.33,21.76,34.81,22.17,25.44,54.91,23.62,42.42,28.05,111.99,109.26,11.34,63.17,58.77,52.96,32.65,0.0,4.12,83.85,57.09,96.92,60.43,71.52,43.64,1.71,23.69,94.41,50.12,10.38,85.32,73.03,49.01,14.05,39.9,82.01,8.19,100.25,73.7,121.66,19.04,11.89,39.74,28.46,39.18,29.09,66.9,82.45,7.35,20.74,13.87,82.67,53.87,48.03,34.4,85.97,164.92,29.72,42.65,16.94,49.09,61.38,62.43,110.84,50.18,100.76,21.69,40.29,25.06,60.94,27.86,32.14,79.66,117.92,32.46,31.57,42.16,10.07,114.35,33.13
35.23,68.14,43.24,69.48,44.78,17.52,26.01,45.77,97.58,33.66,24.94,18.18,10.91,74.13,108.4,69.73,27.53,45.54,100.65,27.9,51.17,78.66,97.35,19.95,29.21,11.54,16.14,51.74,26.85,24.86,23.8,107.54,80.93,14.04,72.38,66.43,50.13,25.14,3.43,0.0,80.79,49.19,73.68,47.91,63.14,51.38,3.8,20.91,90.39,49.72,15.39,88.55,90.5,55.16,22.04,36.69,79.78,8.53,97.58,60.57,98.82,11.61,10.15,36.41,24.05,54.09,25.86,57.8,65.27,12.09,13.94,24.63,52.02,43.21,37.84,29.21,81.68,107.14,25.7,48.98,20.36,45.37,70.01,58.01,71.8,56.58,82.89,14.37,30.46,27.0,39.23,37.99,32.62,60.97,91.2,32.83,41.99,44.21,12.36,84.87,42.54
41.95,86.69,37.54,51.33,67.03,79.92,47.94,63.67,19.25,42.16,112.87,47.15,79.62,21.92,59.64,12.69,68.22,37.43,29.96,70.55,61.56,2.84,35.4,54.42,37.8,78.02,52.77,26.52,129.82,61.31,57.09,72.37,33.61,87.27,14.01,64.61,36.09,78.45,96.75,74.58,0.0,29.75,34.53,72.86,14.34,39.99,82.61,88.15,38.2,102.72,83.41,26.88,48.18,36.41,102.08,109.49,21.46,77.8,20.84,20.84,48.59,68.69,68.46,66.79,64.37,41.38,76.61,38.54,69.82,95.27,61.18,98.19,27.86,38.32,29.54,93.51,15.45,48.24,83.03,31.35,56.86,87.72,24.86,48.42,14.07,34.89,44.33,77.62,59.08,44.69,43.18,81.96,38.65,17.17,23.92,58.74,87.93,52.12,71.73,42.43,90.7
6.78,64.66,30.45,27.99,31.51,57.9,18.21,32.35,41.0,34.58,67.49,35.78,39.04,23.08,51.29,26.0,82.61,18.36,54.69,42.48,24.87,29.26,34.32,30.98,27.73,38.69,37.61,17.51,80.78,29.22,42.62,65.15,48.87,75.41,25.19,52.83,21.91,80.3,52.69,61.49,24.79,0.0,27.63,32.21,19.43,32.28,64.91,78.53,29.2,93.62,60.55,35.41,46.06,7.37,66.54,111.98,42.36,48.29,34.05,9.8,88.16,40.71,51.62,31.63,37.78,8.46,64.11,21.38,39.51,53.41,33.69,73.31,14.63,11.87,16.34,76.13,16.21,99.31,46.09,8.38,39.77,55.78,21.37,25.14,43.58,10.42,49.0,49.33,24.59,34.55,29.05,56.63,27.94,16.28,53.84,49.04,93.48,26.68,49.72,57.76,71.14
29.78,59.33,50.54,21.7,28.56,91.09,44.62,32.99,26.78,49.59,100.8,64.46,53.83,45.08,34.76,19.65,117.03,55.16,26.57,72.39,29.37,30.63,15.59,59.23,53.51,64.82,70.09,11.85,105.88,49.6,78.64,42.89,20.22,82.63,17.72,33.74,40.73,100.75,96.92,61.4,37.4,27.63,0.0,31.73,40.76,52.66,83.49,97.49,13.41,89.09,103.12,15.08,25.28,20.28,73.48,125.7,47.93,61.72,55.31,33.53,71.27,67.58,80.55,38.19,57.52,33.32,86.58,20.53,25.39,99.21,71.33,92.7,10.96,41.75,35.25,122.21,20.08,65.29,59.17,30.59,76.14,66.25,10.87,24.94,50.35,24.17,20.45,87.58,52.26,57.53,67.72,72.92,69.45,35.43,28.2,76.22,113.0,58.62,95.18,31.79,123.45
25.89,25.35,47.84,19.13,3.89,57.52,31.44,2.52,52.1,44.66,64.01,38.04,39.14,52.48,87.55,45.64,91.4,54.88,77.6,55.04,13.74,48.66,61.47,23.57,37.4,26.89,24.92,29.93,75.1,15.32,64.05,46.69,62.05,52.99,58.26,22.36,54.91,80.47,48.34,44.23,72.86,24.78,38.08,0.0,40.78,62.87,40.47,66.83,50.25,86.19,71.84,51.3,43.8,36.54,79.01,110.24,78.2,59.41,76.46,34.58,116.88,44.51,34.09,10.7,43.73,23.86,54.45,22.68,28.45,52.64,28.87,66.63,32.85,34.49,52.62,95.45,34.14,106.48,16.27,29.74,23.6,29.51,49.98,16.45,72.35,25.46,42.35,38.64,16.34,30.76,57.96,29.48,35.73,53.37,73.04,70.87,71.84,57.4,64.11,67.19,87.79
27.79,97.96,26.55,41.72,55.42,74.57,35.53,49.19,30.7,39.68,65.96,56.51,56.64,11.96,64.63,17.53,59.95,19.12,36.3,38.23,51.17,8.41,40.07,67.39,33.93,63.68,43.35,26.13,115.89,38.11,72.63,72.29,45.15,94.74,21.41,58.28,25.32,90.41,82.52,52.62,9.56,24.28,27.17,40.78,0.0,32.9,81.13,70.87,35.68,112.31,71.53,27.97,69.39,20.78,88.59,107.13,32.88,65.56,18.2,10.04,60.52,64.92,61.75,71.6,33.56,34.75,66.29,26.33,50.23,81.27,49.75,67.79,22.24,23.94,19.98,95.47,14.09,73.51,55.47,28.58,71.12,59.08,24.55,40.54,20.4,21.61,62.33,82.78,40.13,52.69,27.76,59.24,44.25,2.83,24.25,54.06,118.8,40.24,65.65,60.33,93.24
41.3,92.81,16.4,66.72,64.31,54.3,28.79,51.7,78.36,20.9,65.34,44.28,45.35,29.33,100.26,46.66,37.61,25.51,57.41,28.2,49.98,39.74,58.24,55.3,32.68,37.69,55.5,58.02,73.05,55.93,29.1,105.47,84.55,81.76,49.87,100.16,18.95,50.25,56.73,42.82,39.99,48.41,68.46,52.39,41.12,0.0,54.98,39.3,54.7,119.07,38.66,60.85,105.32,45.16,53.43,62.16,60.57,45.82,41.75,32.25,82.57,36.64,63.33,57.64,29.25,46.22,41.85,69.78,71.78,40.17,50.2,50.04,50.6,31.47,18.69,41.21,45.37,81.08,58.39,29.83,58.9,65.15,58.49,65.95,48.77,37.82,64.7,50.98,66.19,31.94,12.18,60.58,29.34,31.97,73.77,16.88,58.48,12.22,54.22,81.06,56.17
44.69,56.18,36.57,56.74,61.2,9.47,33.76,46.61,77.14,27.17,13.37,24.63,16.14,50.39,121.15,78.24,28.78,46.76,103.66,24.76,55.2,61.78,92.88,20.29,31.08,21.77,25.63,54.48,31.32,42.45,20.77,103.33,125.33,16.59,81.21,76.73,41.05,21.44,2.14,4.93,76.26,56.26,96.34,52.62,81.13,54.98,0.0,17.24,86.52,51.54,13.89,91.64,109.5,63.01,13.2,33.23,81.01,6.18,65.68,72.41,150.76,15.92,12.09,40.17,31.23,58.07,27.29,76.75,103.27,4.47,22.26,15.37,70.98,35.14,39.03,33.18,73.61,131.06,30.22,45.36,17.34,50.19,91.24,71.94,94.69,59.55,87.25,20.09,32.36,26.35,47.27,37.51,25.64,78.21,77.78,40.34,37.66,40.62,10.46,131.16,41.61
54.76,109.87,46.72,104.91,55.3,9.69,45.43,54.14,84.09,39.49,17.84,33.4,23.12,80.06,155.45,87.86,7.08,43.13,87.72,27.08,77.71,98.28,129.58,32.78,50.84,37.45,42.4,97.7,29.0,51.58,16.11,119.32,120.84,35.58,70.16,74.31,45.56,10.97,18.22,31.36,67.8,68.06,74.99,72.4,88.59,51.09,20.69,0.0,81.45,84.8,8.14,94.79,112.44,58.26,5.41,35.19,125.89,19.71,79.6,81.76,157.7,33.83,42.5,73.36,40.75,64.53,5.81,94.59,100.19,15.42,47.46,6.82,77.36,51.95,57.0,9.97,64.6,173.39,62.37,66.62,33.87,72.55,105.13,73.89,90.11,59.24,120.73,39.2,42.12,47.44,39.83,69.11,44.87,67.91,83.29,23.39,20.14,33.61,19.45,125.44,15.28
43.0,59.48,54.94,29.63,57.85,77.4,53.11,55.99,15.64,83.06,127.88,68.03,79.91,42.5,22.71,18.98,125.7,60.74,12.19,61.33,39.26,33.54,8.27,87.18,47.67,69.64,66.73,27.25,144.29,47.34,71.48,45.8,13.83,93.27,19.76,56.7,54.14,136.46,108.93,90.39,25.47,35.04,15.47,54.44,41.17,82.05,93.73,97.74,0.0,148.96,75.78,6.3,25.42,28.37,104.49,135.01,42.08,83.13,58.75,34.29,48.58,89.9,93.33,48.44,54.31,43.53,93.91,23.32,40.02,73.6,55.94,117.09,26.27,49.62,58.81,113.58,22.66,60.06,71.53,37.45,59.74,73.47,17.08,40.26,43.1,33.77,23.66,87.8,59.34,77.79,57.54,85.86,67.45,36.25,19.79,101.32,121.33,63.1,84.73,19.94,104.77
97.79,61.78,99.02,75.5,60.94,56.38,87.6,67.62,109.35,91.9,62.72,80.76,73.77,111.96,170.84,94.19,93.84,107.3,109.19,85.18,66.61,122.4,157.02,65.06,89.25,81.37,66.15,98.63,65.83,55.57,68.76,126.21,108.74,50.53,124.09,86.96,95.14,91.79,60.14,49.72,102.72,101.43,133.64,86.19,140.39,119.07,77.31,78.28,129.1,0.0,71.17,100.16,128.99,96.09,72.95,63.73,156.5,82.78,109.65,104.28,202.69,65.98,59.34,50.91,87.55,106.57,68.05,91.56,92.73,82.98,80.96,93.04,101.15,74.23,106.31,86.36,108.2,181.11,61.59,93.18,56.74,49.68,90.53,82.0,114.0,121.98,82.11,52.87,64.2,79.3,103.9,34.46,86.88,111.33,112.87,107.24,65.33,98.79,87.77,113.03,104.3
60.05,65.11,46.42,62.8,62.01,4.87,41.1,46.32,103.22,28.6,13.97,19.17,20.25,60.17,117.12,75.13,17.67,47.05,99.14,26.56,68.13,80.71,121.31,29.7,42.26,27.33,35.57,76.54,33.99,35.27,15.36,110.78,87.3,26.8,78.1,66.52,51.14,15.22,15.57,15.39,96.24,55.89,89.37,57.47,71.53,57.99,9.26,8.14,113.66,88.96,0.0,110.46,95.16,78.41,7.29,28.07,121.47,12.54,83.59,74.84,121.82,18.28,20.23,48.39,32.68,43.16,10.88,67.61,91.1,4.8,28.63,5.4,87.75,45.29,59.49,21.37,89.06,166.88,43.54,38.37,33.47,47.71,64.39,65.12,94.11,63.99,73.32,29.64,51.42,24.69,37.52,45.72,25.53,79.13,118.81,29.75,33.06,47.17,8.04,109.19,34.13
43.7,74.31,63.57,34.96,50.99,113.14,55.14,56.95,14.66,68.56,100.18,54.72,71.72,40.64,26.42,17.98,105.3,37.19,12.24,70.3,33.66,34.83,11.44,68.69,59.11,85.09,71.31,21.67,113.46,70.41,89.46,45.98,14.46,115.24,11.12,61.02,50.4,133.15,85.32,81.74,31.02,35.41,12.57,64.13,27.97,60.85,84.59,118.48,7.27,100.16,88.37,0.0,35.7,28.91,101.59,152.53,36.47,80.98,44.64,30.24,42.41,75.99,91.69,64.45,62.36,38.78,98.33,31.03,37.18,93.24,82.18,90.91,16.54,43.08,43.22,126.92,17.28,47.77,65.85,42.74,59.05,81.05,15.02,48.14,34.06,31.52,35.64,100.42,73.63,60.27,53.09,79.71,49.19,31.34,20.54,64.11,98.83,73.71,102.86,21.09,126.25
44.47,52.55,87.98,24.84,48.61,103.92,59.39,53.03,38.33,82.18,86.24,91.35,82.85,69.43,43.17,53.73,108.78,64.21,34.0,90.01,40.51,60.09,42.26,84.65,81.22,87.96,80.37,33.29,143.96,58.18,101.7,15.74,42.19,89.32,51.26,22.92,73.58,112.9,109.55,90.5,57.81,46.06,25.28,50.54,46.26,84.26,87.6,112.44,25.42,85.99,118.95,38.67,0.0,48.96,100.99,127.47,75.08,107.11,74.38,52.64,60.38,73.46,61.24,45.07,72.83,37.88,109.68,29.42,14.53,75.84,72.7,123.51,36.81,55.88,51.86,140.71,34.54,58.57,59.91,57.14,68.32,63.35,36.08,32.6,75.01,42.12,9.03,82.43,46.3,65.84,74.78,85.45,78.51,62.94,58.77,118.41,156.36,84.57,96.13,38.18,144.03
12.88,62.61,26.06,23.95,24.57,53.81,20.68,29.85,30.09,32.69,73.93,49.7,49.17,26.95,68.07,16.95,61.14,31.31,47.44,38.78,21.98,29.49,37.62,42.06,31.69,51.78,49.1,11.04,108.84,25.23,72.99,66.16,35.13,54.61,23.3,40.96,31.52,101.24,49.01,45.96,36.41,7.37,16.9,29.23,20.78,48.92,63.01,69.91,30.73,120.11,78.41,22.24,32.64,0.0,85.41,80.33,49.08,68.46,46.13,18.55,72.06,43.6,46.67,37.77,31.12,13.12,82.98,14.12,41.44,59.97,48.83,65.63,7.47,22.82,19.24,64.61,13.13,61.82,33.41,13.91,48.04,43.6,16.09,24.72,53.99,1.28,35.2,44.9,41.1,42.32,35.62,68.58,35.28,27.55,39.41,70.42,100.97,32.6,70.59,58.46,85.05
57.95,69.37,39.35,81.19,52.54,5.38,47.21,76.64,125.55,33.81,9.9,23.9,26.57,64.61,122.76,80.39,15.07,51.79,113.17,25.36,57.27,85.66,128.15,44.11,39.26,38.76,41.69,63.61,23.74,60.13,15.61,116.61,119.47,34.3,83.4,71.31,38.0,15.94,18.26,25.43,81.67,76.77,110.22,68.48,70.87,53.43,15.83,4.51,120.57,72.95,7.29,78.15,100.99,56.94,0.0,30.62,101.53,15.69,87.75,54.13,158.15,23.12,29.75,53.0,31.43,62.3,11.54,73.39,96.9,9.01,28.67,3.98,63.17,54.94,56.83,12.47,95.75,138.54,57.08,51.64,30.25,62.14,68.99,76.87,91.08,57.97,101.63,34.2,50.78,35.42,53.0,62.82,35.51,85.05,108.28,33.82,20.73,44.96,13.28,95.55,19.79
81.71,129.01,81.1,107.92,111.0,26.64,71.59,86.2,139.39,59.34,26.2,70.8,42.97,99.88,125.6,108.65,29.77,99.72,165.91,44.22,79.22,88.98,163.42,59.98,73.1,71.47,79.23,130.26,13.68,61.51,41.03,119.33,149.99,46.01,93.06,137.8,91.96,19.4,33.25,44.03,91.24,89.58,145.04,73.49,82.41,80.81,49.84,28.15,155.78,76.48,36.5,152.53,127.47,104.43,28.27,0.0,128.83,35.09,134.38,77.64,192.87,45.17,54.16,86.9,74.62,85.28,35.89,109.23,101.93,45.95,50.32,33.82,103.86,85.53,100.68,25.8,87.39,138.89,74.94,79.72,49.95,68.06,110.96,105.53,98.5,105.81,150.5,67.98,72.14,52.47,94.87,74.42,63.66,79.98,159.98,59.22,4.7,85.54,49.91,142.87,34.11
59.6,113.88,58.87,53.2,61.3,125.37,54.73,85.49,19.99,76.82,138.45,64.69,106.03,37.02,54.87,32.68,83.54,50.49,30.93,63.48,56.98,23.12,40.14,86.76,55.47,90.79,105.96,41.28,124.27,97.25,73.2,92.8,52.4,90.51,35.04,87.84,56.43,123.2,98.42,79.78,17.88,55.07,51.92,78.2,35.62,55.91,121.51,83.93,32.37,144.46,105.28,33.66,57.75,49.08,101.53,139.57,0.0,100.37,23.06,33.91,26.96,105.87,74.89,72.3,78.3,49.35,95.72,47.37,65.14,80.7,82.63,98.37,49.75,61.54,50.38,130.85,46.56,54.19,94.99,73.81,89.69,101.4,50.44,83.95,11.8,51.67,55.38,82.56,100.4,93.74,57.36,128.88,72.41,43.47,12.81,94.94,155.84,65.43,92.23,34.48,126.04
40.82,85.46,48.85,71.48,51.41,12.8,30.08,38.02,88.64,18.59,19.2,15.5,11.84,60.45,117.88,85.38,27.11,35.13,114.97,24.81,44.43,87.02,111.77,16.39,33.64,12.84,28.51,67.48,27.14,27.06,21.23,109.82,121.16,16.64,71.13,87.36,39.38,22.68,7.09,7.4,71.82,40.24,80.24,59.41,50.43,49.64,4.94,19.71,69.28,66.22,10.87,80.98,71.41,54.77,15.69,35.09,115.81,0.0,61.67,53.71,116.32,10.19,11.93,52.04,25.46,43.33,16.36,73.4,101.62,4.46,23.46,17.82,62.19,41.39,35.26,24.67,64.15,105.9,25.16,38.26,22.71,47.73,86.91,60.24,68.96,56.12,85.1,20.93,38.98,20.98,42.37,39.82,21.68,62.93,96.56,27.3,39.44,44.6,4.73,126.88,45.45
52.2,100.19,43.67,68.06,82.52,80.56,54.96,88.39,46.54,64.64,98.63,49.98,72.88,24.52,76.0,34.12,78.36,35.7,37.21,69.89,62.78,11.94,60.57,71.85,54.08,67.73,88.19,58.87,104.35,54.88,72.44,90.37,55.63,91.68,41.75,79.75,31.65,92.75,86.88,78.06,18.06,34.05,63.82,88.22,21.84,27.83,78.81,79.6,39.17,142.54,96.45,44.64,74.38,35.49,87.75,107.5,28.83,74.0,0.0,36.37,50.03,84.89,73.85,85.37,54.02,40.81,80.63,44.3,87.32,84.1,56.08,84.3,53.87,46.16,36.4,103.42,36.81,66.01,62.67,57.57,81.33,114.91,34.35,77.95,15.49,34.73,57.96,104.85,73.78,59.03,32.14,90.89,40.05,23.12,38.25,53.64,85.99,42.8,60.71,61.73,65.22
17.9,71.32,17.22,39.91,30.79,62.46,20.94,45.09,29.6,28.21,90.78,31.88,45.15,10.09,76.92,13.3,67.24,15.59,40.05,33.79,37.05,19.62,49.22,46.07,33.56,36.13,36.74,18.37,107.69,31.42,66.1,81.49,39.62,73.94,15.99,65.74,25.31,84.13,63.87,69.89,16.03,9.8,30.95,51.87,8.7,40.32,48.27,65.41,42.86,104.28,64.86,25.2,65.8,18.55,70.37,93.17,44.09,67.14,36.37,0.0,78.37,55.68,49.35,49.71,42.23,24.95,66.19,21.77,56.01,48.68,42.0,67.11,23.33,20.29,10.86,59.68,13.43,92.04,51.39,19.93,61.25,68.31,27.3,36.95,32.52,12.05,46.4,72.98,40.13,37.52,23.47,78.83,29.53,9.72,38.38,38.98,89.48,28.81,45.15,64.08,70.78
63.73,145.28,99.3,92.97,111.43,135.08,87.55,118.33,25.82,103.38,135.02,100.91,116.83,77.66,49.55,49.85,136.82,81.01,40.92,84.4,82.69,47.53,39.45,134.61,74.61,132.18,87.69,63.59,123.81,120.96,122.73,59.61,32.43,108.84,51.87,112.63,67.45,115.82,152.07,148.24,37.38,76.4,47.51,77.92,46.55,89.45,120.61,157.7,44.85,202.69,131.98,35.34,90.57,55.43,105.44,154.3,26.96,116.32,50.03,62.7,0.0,133.93,139.47,110.28,104.14,78.22,101.11,59.03,83.38,151.09,112.71,123.4,50.83,78.74,80.46,141.64,45.52,19.51,115.49,80.01,91.91,117.09,44.62,87.62,47.2,81.24,60.23,119.86,107.65,105.26,78.8,131.31,91.19,58.52,34.36,110.94,125.24,93.34,116.46,35.25,159.23
33.3,73.2,42.04,53.78,38.24,22.46,19.65,33.75,85.01,18.91,33.26,9.28,4.09,40.61,121.42,72.67,47.22,35.02,88.07,22.53,41.09,51.32,78.32,9.21,19.72,3.63,9.68,54.92,43.55,25.49,24.76,111.44,92.77,29.94,60.77,57.95,37.59,39.44,16.5,12.58,52.84,46.98,67.58,38.57,51.94,43.97,12.24,26.02,77.91,54.99,23.77,87.68,61.22,36.33,27.74,45.17,70.58,12.23,67.91,37.12,89.29,0.0,5.6,39.99,12.37,26.5,25.0,38.96,69.16,17.55,8.43,25.91,55.15,30.77,43.33,44.23,58.21,116.96,24.69,29.87,9.87,48.9,73.06,36.15,62.81,48.76,66.33,17.22,24.16,8.35,47.67,25.21,17.48,62.41,79.72,36.27,64.55,35.54,19.61,112.91,38.54
38.11,45.12,49.96,54.2,28.89,29.63,20.19,32.12,102.86,25.62,25.04,12.7,9.61,59.01,107.31,67.25,51.69,44.3,84.62,29.53,34.3,55.69,81.18,7.27,23.93,7.67,7.69,44.21,45.38,16.49,32.15,96.66,88.2,20.63,53.78,46.93,30.23,43.59,11.89,12.68,57.05,34.42,69.81,36.93,71.24,42.22,14.51,34.0,93.33,74.17,30.34,91.69,61.24,58.34,29.75,58.68,74.89,17.89,73.85,41.12,111.58,7.27,0.0,28.22,21.48,28.83,42.18,48.33,73.86,15.79,6.35,30.92,44.78,27.6,50.45,54.89,57.51,100.56,15.92,31.57,7.21,28.21,61.46,54.45,87.58,52.16,66.5,13.17,17.98,14.94,48.36,24.02,22.96,69.02,70.07,35.46,43.44,39.48,20.34,100.79,54.59
32.08,19.73,45.32,37.11,14.31,62.34,34.7,6.75,88.53,49.03,68.04,34.23,33.88,65.43,95.67,45.16,80.87,63.76,58.42,59.04,15.92,72.4,69.92,28.38,49.67,33.59,27.5,47.9,78.92,15.37,61.44,75.25,75.24,57.34,68.9,24.05,62.92,73.8,59.61,47.33,66.79,47.44,45.83,9.27,71.6,69.17,60.26,84.65,48.44,66.19,72.58,49.57,56.34,40.92,79.5,108.63,86.76,52.04,85.37,62.14,110.28,46.15,36.69,0.0,48.18,24.95,55.74,33.56,30.82,44.01,30.32,62.28,34.45,32.42,61.62,77.53,49.53,106.1,17.99,28.82,29.69,19.18,52.38,22.76,101.07,48.88,42.43,41.06,19.75,28.58,75.11,29.12,59.84,62.26,94.87,87.12,71.12,73.49,52.24,62.17,69.29
18.47,84.73,24.01,44.22,38.34,31.06,13.45,32.44,86.43,4.72,48.62,6.3,11.15,35.48,91.76,53.08,30.21,21.79,73.04,10.58,42.06,61.57,77.08,21.96,10.16,15.99,22.61,38.1,65.57,28.21,17.7,95.35,78.98,47.28,64.98,51.21,13.42,55.22,32.84,26.05,51.5,30.22,47.93,43.73,43.63,24.37,24.98,40.75,54.31,67.35,28.32,77.95,72.83,37.35,26.19,49.74,78.3,20.37,67.53,33.79,120.16,16.08,23.27,55.59,0.0,27.58,24.23,36.55,76.75,20.62,21.72,35.69,37.32,19.36,21.96,40.3,37.64,89.51,30.42,17.37,21.03,50.6,51.52,43.89,78.02,48.12,65.62,32.02,28.7,8.6,29.22,47.4,7.73,31.47,57.59,25.23,60.92,22.52,25.49,83.29,42.41
8.05,65.45,22.98,32.43,19.22,53.33,11.84,27.37,52.12,38.01,62.37,31.25,36.69,33.02,81.86,35.48,63.8,22.66,50.05,40.8,18.75,40.84,46.64,32.45,24.48,31.92,22.68,18.96,62.79,23.39,40.67,50.4,53.85,66.78,38.08,40.64,30.21,87.53,50.94,36.06,31.83,8.46,38.45,22.02,23.17,35.55,58.07,49.64,40.18,92.36,56.1,32.31,56.82,10.09,57.51,71.07,49.35,54.16,48.97,19.96,78.22,39.75,34.59,29.94,34.48,0.0,61.18,20.36,44.7,48.61,22.5,59.55,23.97,9.45,20.71,56.48,19.66,71.9,31.01,9.33,34.97,46.7,26.87,18.34,65.05,14.75,38.28,34.86,23.06,22.35,32.96,54.87,22.55,34.56,50.89,53.79,89.15,42.7,37.85,58.58,69.85
55.32,95.2,45.47,88.15,64.52,11.7,42.27,63.55,96.54,34.36,21.07,28.19,21.92,64.14,100.6,76.91,8.44,39.35,109.5,17.13,86.88,92.27,83.1,41.91,46.5,41.68,44.98,74.79,32.05,54.19,10.27,116.65,134.59,35.5,100.05,72.96,41.05,19.99,25.21,32.32,83.0,49.32,108.23,81.68,55.24,34.87,18.19,5.36,93.91,68.05,13.6,113.46,126.55,66.38,9.23,41.41,95.72,21.26,62.03,61.1,151.67,30.0,28.12,72.47,24.23,61.18,0.0,72.71,106.36,20.62,45.87,7.23,92.23,40.2,52.21,11.33,73.48,167.67,49.37,41.59,43.75,72.98,80.32,59.65,106.33,73.12,117.52,50.27,61.54,35.54,53.46,60.92,34.39,63.26,95.33,24.61,28.97,44.15,18.73,121.14,18.13
19.99,48.38,44.85,10.93,19.97,57.4,38.08,19.94,49.82,38.85,96.8,56.07,53.37,38.23,54.96,30.33,80.07,44.33,42.84,58.4,9.92,49.35,28.82,35.82,38.85,47.69,43.08,8.04,97.53,29.39,70.5,44.22,50.84,71.81,20.5,33.37,38.69,71.45,66.9,62.62,32.12,17.1,13.69,18.9,39.49,46.52,51.17,63.06,30.32,114.44,56.34,28.64,31.87,11.3,91.73,84.02,71.06,73.4,66.44,21.77,88.54,58.44,52.36,33.56,47.52,20.36,60.59,0.0,32.89,53.39,44.52,88.69,9.12,28.67,41.81,84.02,25.11,63.29,47.76,25.35,37.13,57.82,21.74,8.63,43.64,14.7,24.22,44.71,26.52,47.48,57.69,55.57,53.9,41.46,48.83,81.65,106.19,61.07,76.48,49.52,71.75
67.12,30.98,89.4,16.19,36.68,91.42,72.09,45.17,55.66,80.6,122.68,70.1,60.4,84.98,46.07,53.34,105.88,71.22,42.64,81.37,28.82,71.84,55.25,51.97,68.75,71.39,73.72,37.07,118.21,48.82,91.29,29.89,56.25,82.55,47.86,13.12,74.25,117.3,82.45,65.27,64.45,47.41,38.08,36.98,50.23,71.78,103.27,83.49,50.02,92.73,75.91,55.77,12.59,34.53,121.12,101.93,78.17,88.07,100.76,70.01,69.48,74.92,73.86,30.82,59.04,48.43,98.18,37.95,0.0,72.09,62.52,102.91,41.21,69.85,69.03,109.41,50.62,68.2,53.46,43.47,62.44,40.84,33.01,33.7,96.12,41.58,12.7,57.79,54.46,78.36,63.69,49.9,71.48,78.03,63.54,94.28,100.23,78.67,84.78,61.98,94.21
57.27,60.43,46.4,77.27,57.08,4.92,38.16,50.71,101.33,32.53,15.4,17.03,18.5,59.87,95.08,61.03,25.38,38.65,121.27,24.13,58.63,92.39,78.81,26.59,39.69,22.4,34.75,84.47,34.67,47.11,17.51,88.92,102.13,19.75,76.1,62.48,50.51,23.71,8.48,10.48,63.51,66.76,85.98,57.03,65.02,60.25,6.7,19.27,95.68,82.98,7.19,71.73,98.59,64.97,13.52,45.95,96.84,5.35,84.1,73.02,100.73,21.94,23.68,52.81,30.93,48.61,17.87,69.4,86.51,0.0,26.01,12.55,73.03,35.97,46.67,21.15,69.15,164.92,34.86,36.17,31.86,55.84,74.7,76.15,86.77,66.41,90.87,25.88,45.39,21.89,45.68,49.96,25.0,67.69,78.17,36.0,28.42,41.89,5.25,106.68,33.04
30.06,56.76,28.58,59.43,31.08,28.93,14.14,22.5,80.89,27.5,30.46,13.0,12.98,47.76,99.39,45.4,44.48,34.44,83.42,21.33,37.59,59.67,79.75,5.96,14.68,3.4,5.95,45.57,61.17,11.42,25.96,69.02,100.87,28.86,56.92,42.68,37.97,45.87,20.74,18.12,66.28,36.5,71.33,36.09,62.19,50.2,25.68,31.64,67.12,64.77,31.01,54.79,83.88,39.06,34.4,60.39,89.51,20.33,56.08,52.5,130.05,7.31,8.26,32.84,14.48,29.25,45.87,34.24,67.73,26.01,0.0,32.64,50.01,21.51,33.7,39.64,49.89,94.21,11.45,30.04,6.77,33.73,44.89,40.11,92.25,33.78,75.02,18.01,12.58,8.43,39.37,33.01,28.59,40.09,76.55,44.66,62.84,43.83,18.68,85.5,57.23
63.35,89.32,36.73,78.97,66.24,7.42,51.18,74.54,81.21,30.5,12.17,32.66,18.76,66.58,100.06,83.9,14.55,52.75,101.55,22.2,66.64,82.27,99.69,36.73,36.47,24.36,40.07,92.15,26.86,50.15,12.24,114.39,134.37,23.63,80.48,69.88,53.12,13.09,13.87,21.34,85.09,58.65,85.56,51.26,73.44,38.49,19.21,5.91,78.06,93.04,4.68,90.91,98.81,54.69,3.45,31.22,122.96,14.25,64.85,51.62,154.25,21.59,23.79,51.9,23.79,59.55,7.84,88.69,118.74,10.88,40.8,0.0,73.09,39.91,61.74,19.26,61.42,135.5,48.14,48.95,38.11,61.57,66.67,86.05,95.24,66.84,91.61,33.91,37.66,35.81,49.55,50.0,35.17,64.94,96.88,35.41,23.07,38.32,10.23,93.2,25.09
22.76,74.15,37.5,24.66,28.34,78.02,26.9,33.85,37.67,46.54,88.11,51.16,43.99,37.78,47.0,14.43,87.44,31.11,33.74,67.29,28.17,24.23,27.46,48.93,39.75,60.8,46.02,3.34,94.43,39.53,65.77,58.49,28.96,60.38,14.94,39.86,35.73,88.46,55.11,78.03,30.18,14.63,16.44,32.85,22.24,42.16,54.6,77.36,21.02,109.58,58.5,16.54,36.81,9.34,82.12,103.86,45.92,67.37,35.92,18.66,61.0,42.42,67.17,34.45,48.51,15.98,73.79,10.95,47.55,84.26,46.16,60.91,0.0,27.71,24.37,84.9,11.65,56.33,49.92,24.16,55.29,70.53,8.49,26.55,34.62,5.25,27.87,65.54,39.08,44.69,34.46,60.27,46.07,30.55,43.21,68.33,125.85,45.54,79.92,39.43,71.39
2.82,77.72,16.34,30.69,28.04,47.49,7.41,31.25,63.04,20.97,62.12,28.42,36.59,19.21,90.6,30.1,68.92,15.14,53.9,30.64,23.83,36.72,43.17,30.01,12.44,29.39,35.33,22.43,88.47,23.49,33.49,58.7,74.52,65.04,35.69,61.04,12.83,79.32,53.87,33.24,38.32,11.87,38.54,39.79,23.94,26.23,35.14,51.95,49.62,96.5,49.06,53.85,60.54,18.26,63.4,65.79,71.01,31.84,42.6,13.52,98.43,30.77,27.6,48.63,24.2,14.18,48.24,28.67,55.88,46.76,27.97,59.86,31.98,0.0,10.41,49.44,32.51,74.08,40.76,3.66,33.04,54.42,32.16,29.68,48.13,24.11,52.88,52.88,27.75,15.37,23.68,48.29,18.47,22.43,64.15,42.09,62.97,28.55,49.05,63.95,75.38
9.26,72.49,8.94,36.93,47.68,42.02,18.76,41.59,60.43,23.02,65.83,34.08,43.12,11.76,80.48,31.41,45.18,2.03,44.23,34.57,31.57,22.76,43.61,31.89,13.73,37.07,40.16,39.7,92.91,36.42,49.97,94.87,65.51,63.48,40.27,62.71,7.22,65.08,60.04,49.2,32.01,13.62,42.3,35.08,19.98,28.04,39.03,43.85,39.21,122.66,59.49,54.02,51.86,28.85,65.57,80.55,62.98,35.26,42.0,16.3,80.46,28.88,43.72,61.62,18.3,17.26,60.24,33.45,53.1,50.56,33.7,41.16,36.56,13.01,0.0,63.5,21.79,86.13,52.9,12.26,34.58,65.55,34.06,38.63,33.97,23.52,46.22,54.48,44.49,21.22,13.77,57.88,21.2,17.12,51.45,42.65,83.16,16.33,42.2,53.56,62.61
77.68,97.86,64.85,115.87,75.69,21.4,44.64,80.75,106.88,41.63,19.71,49.38,40.33,68.79,131.76,87.53,3.71,62.28,111.67,33.86,100.97,69.48,119.76,53.26,48.42,55.22,43.47,71.66,32.8,61.06,15.94,138.64,118.56,45.54,113.37,106.86,55.69,14.81,39.7,37.97,93.51,76.13,81.47,76.36,76.38,53.58,30.62,10.8,131.05,107.95,19.72,110.0,112.57,83.99,14.96,27.95,113.4,32.07,89.63,77.59,163.43,40.82,47.57,96.91,33.58,84.72,11.33,84.02,136.76,31.73,59.46,16.69,91.98,49.44,48.84,0.0,84.26,144.1,59.77,76.42,63.2,83.34,98.91,103.6,78.24,85.15,87.79,49.11,50.12,39.02,43.29,70.61,53.23,91.55,131.55,24.38,22.93,37.2,21.08,132.84,8.59
29.17,85.52,34.03,36.19,30.28,73.5,34.19,52.17,26.85,49.84,104.15,40.6,59.62,19.27,40.14,6.05,86.59,27.68,27.89,66.27,31.23,16.52,26.3,44.4,40.6,64.9,63.37,11.09,104.76,35.15,65.3,57.17,37.24,95.66,5.87,38.42,27.72,96.79,74.5,81.68,15.45,17.57,15.45,44.39,17.62,37.8,73.61,77.52,22.66,117.22,59.37,14.4,34.54,13.13,76.6,131.08,46.56,64.15,42.47,16.79,54.63,44.78,47.92,53.66,37.64,29.49,73.48,16.74,38.94,57.63,62.37,61.42,7.77,32.51,28.32,70.22,0.0,68.52,43.38,21.8,69.71,69.65,9.45,25.15,40.36,10.64,44.97,70.78,37.31,47.39,39.92,55.8,45.22,16.9,34.2,65.16,101.38,35.17,81.55,47.95,104.89
107.96,97.76,92.25,76.96,102.17,147.4,105.49,124.66,38.5,89.45,121.79,139.48,118.15,94.27,38.07,63.75,139.65,86.95,36.52,94.76,72.75,66.06,51.96,96.86,83.49,143.95,113.46,86.65,199.54,130.11,125.96,70.95,46.81,174.56,60.88,98.31,100.92,163.8,142.93,107.14,72.35,86.07,65.29,98.29,84.82,81.08,109.22,138.71,40.04,139.31,133.5,51.75,70.29,92.72,138.54,180.56,43.35,137.67,55.01,92.04,18.01,146.21,150.85,132.62,116.36,71.9,145.32,63.29,81.83,109.94,94.21,169.37,67.6,96.31,93.31,120.08,68.52,0.0,94.67,96.85,128.39,101.17,49.81,106.48,53.63,78.72,71.92,160.03,133.34,115.88,92.43,159.05,85.86,70.9,38.86,116.57,203.59,99.55,138.43,27.07,117.98
36.34,32.34,48.72,34.71,26.75,32.97,27.25,14.6,95.09,35.14,37.51,25.62,23.52,69.58,73.53,71.1,71.33,47.18,83.51,32.73,28.62,54.62,90.8,8.91,30.69,20.76,10.33,36.95,69.58,8.26,37.09,75.54,78.87,24.51,48.94,41.1,34.03,46.53,29.72,25.7,71.96,30.73,45.51,21.15,60.09,48.65,37.77,62.37,71.53,71.07,40.19,65.85,49.92,40.09,49.47,74.94,87.68,30.19,94.0,51.39,106.61,16.46,17.25,17.99,32.96,35.78,49.37,31.84,53.46,34.86,11.45,37.03,57.6,40.76,42.32,59.77,56.39,94.67,0.0,31.7,10.2,25.22,67.34,31.08,99.94,52.02,53.23,17.55,7.98,25.37,42.05,13.08,29.37,59.12,86.03,54.89,73.1,51.19,37.4,69.93,82.32
5.38,62.62,17.21,27.8,23.66,39.95,8.86,22.41,50.92,29.07,47.88,25.01,36.24,26.69,77.06,30.6,47.55,16.47,53.81,25.47,26.49,36.46,63.96,27.84,10.6,27.98,27.87,24.88,76.62,21.45,35.04,56.34,48.97,54.83,35.97,55.88,17.01,80.38,42.65,48.98,37.62,10.89,36.7,27.45,28.58,35.79,52.34,44.42,44.94,86.01,46.04,42.74,43.96,18.08,43.03,99.65,73.81,47.82,46.06,15.33,66.68,22.98,34.2,34.59,20.85,8.08,41.59,19.5,65.2,43.4,26.03,61.18,24.16,3.66,15.94,76.42,26.16,96.85,36.57,0.0,38.34,50.11,39.13,21.39,55.07,17.95,57.01,43.48,27.59,22.0,21.85,44.95,21.37,21.1,65.65,42.2,76.52,22.37,33.17,52.73,52.3
34.68,47.5,35.33,49.44,36.8,37.7,30.51,28.51,87.08,32.23,38.74,24.29,15.41,69.35,103.13,50.4,52.01,35.29,68.47,35.24,36.31,72.49,84.8,4.19,25.66,11.78,4.22,41.59,58.59,12.68,30.08,105.04,70.82,23.55,62.7,41.92,32.04,50.31,20.32,16.29,56.86,43.09,50.76,35.4,47.41,58.9,17.34,40.64,77.67,61.47,38.62,70.86,56.93,44.34,45.38,64.94,89.69,22.71,93.84,40.83,137.87,14.8,6.66,34.26,25.23,26.9,43.75,44.55,52.04,25.49,8.12,35.18,42.53,35.79,44.96,63.2,55.77,148.14,11.77,30.67,0.0,29.72,73.57,41.98,67.64,45.86,61.46,7.97,14.04,17.89,39.57,15.52,33.48,46.22,82.84,48.08,48.45,53.86,27.55,97.41,47.51
54.68,21.56,53.53,44.75,28.09,55.72,55.11,24.49,107.63,55.32,58.49,45.71,42.79,72.87,113.92,69.04,62.33,61.98,92.57,59.32,43.03,87.45,66.55,32.43,48.01,36.27,28.24,58.0,55.25,26.97,79.38,91.08,105.78,32.67,70.14,38.96,50.07,87.96,49.09,45.37,87.72,42.9,61.15,19.67,88.62,78.18,57.91,83.71,61.23,45.86,71.56,74.82,48.73,56.68,51.79,88.48,109.85,47.73,76.6,68.31,126.85,48.9,42.32,12.79,50.6,35.92,56.14,38.55,40.84,64.43,36.54,76.96,47.02,54.42,60.51,76.93,64.29,121.41,20.18,46.25,22.86,0.0,52.99,36.36,118.7,53.72,53.21,30.48,25.31,43.79,58.21,10.86,46.08,88.36,98.58,93.69,67.43,83.96,65.49,97.26,105.11
31.79,70.35,42.16,25.48,38.56,79.23,49.35,41.12,24.46,44.07,96.11,54.38,60.19,26.53,40.5,9.73,94.3,35.74,19.42,65.09,36.61,33.62,21.55,56.72,36.28,70.34,67.29,8.38,110.39,36.93,90.27,44.09,34.37,86.93,6.96,40.83,40.99,95.5,92.08,58.34,31.07,26.72,10.87,33.32,28.32,45.0,79.08,84.11,11.39,135.8,77.27,10.01,41.63,18.57,82.79,138.7,50.44,86.91,51.52,23.66,53.55,63.32,61.46,60.44,64.4,26.87,80.32,18.84,49.51,93.37,67.33,100.01,8.49,40.2,28.38,114.13,10.91,59.77,53.88,26.09,58.86,52.99,0.0,34.57,46.89,16.8,30.72,56.94,46.9,60.84,45.3,84.9,60.92,27.72,27.76,73.86,89.72,62.9,88.85,39.97,91.51
27.85,41.46,57.32,10.68,9.75,71.33,30.71,18.45,49.94,51.4,79.61,36.17,38.69,38.36,62.06,28.76,79.22,50.79,40.91,58.94,2.46,53.19,36.35,31.55,45.64,40.28,34.46,17.77,92.52,19.82,53.75,49.61,61.13,65.26,29.13,19.26,53.14,82.81,72.04,66.93,52.46,23.21,31.17,16.45,40.54,65.95,57.55,73.89,37.16,68.34,54.27,38.51,30.09,19.77,76.87,121.77,55.96,46.34,51.96,28.42,87.62,36.15,36.3,21.01,43.89,15.28,59.65,8.63,29.21,66.0,40.11,74.57,17.7,29.68,38.63,82.88,37.72,70.99,31.08,27.8,32.29,36.36,23.05,0.0,67.58,20.73,22.99,58.95,25.82,39.05,63.93,35.47,37.17,41.64,60.01,56.23,118.75,56.86,58.72,54.04,93.36
46.63,125.81,55.05,75.91,56.41,75.06,56.85,72.83,27.39,75.95,125.7,73.65,81.52,29.19,75.28,28.41,96.92,50.82,29.1,71.23,68.54,15.6,49.76,78.11,57.17,62.27,95.46,56.8,95.02,58.5,96.57,95.44,57.7,99.33,29.17,65.04,58.01,128.96,110.84,86.16,14.07,54.48,50.35,78.38,30.61,56.27,72.84,90.11,49.73,171.0,94.11,42.57,75.01,53.99,98.67,147.74,10.89,82.75,15.49,27.1,37.76,94.22,80.84,101.07,67.62,56.37,92.16,65.47,76.89,72.31,73.8,87.91,45.0,40.11,44.16,101.71,32.29,53.63,66.63,50.83,87.93,118.7,37.51,77.97,0.0,34.97,70.8,75.32,90.8,54.92,52.89,79.64,56.79,25.71,16.37,81.36,113.99,49.77,102.62,38.97,89.94
17.84,49.06,31.75,24.24,25.9,71.36,32.63,31.21,37.46,33.54,75.29,51.3,46.75,28.75,53.27,12.88,74.42,31.81,45.58,47.55,23.16,23.67,27.78,36.31,30.42,46.44,51.0,8.93,88.46,31.81,49.56,65.49,51.03,55.86,21.39,38.42,37.17,89.1,50.18,70.73,27.91,6.94,20.94,38.19,21.61,49.16,59.55,71.08,33.77,97.58,63.99,21.01,48.6,1.66,86.96,122.09,51.67,70.14,45.15,14.46,70.4,45.01,48.15,48.88,48.12,14.75,56.24,12.74,34.65,61.3,50.67,72.41,5.25,24.11,19.6,78.6,11.52,90.83,45.09,17.95,57.32,44.77,14.56,25.91,45.46,0.0,32.32,60.01,43.01,29.36,44.91,56.37,36.25,21.41,37.9,71.3,78.71,33.07,48.13,49.18,79.43
46.35,56.87,52.97,12.66,40.03,88.79,43.48,35.85,44.01,74.39,80.38,54.88,69.31,58.09,38.19,31.73,126.94,47.89,33.16,82.21,21.12,69.04,32.89,60.75,62.6,79.08,62.12,24.35,135.33,50.6,86.66,28.52,37.46,103.3,30.39,20.58,76.24,132.21,67.17,82.89,66.5,42.47,18.88,33.88,62.33,97.06,87.25,80.48,23.66,82.11,73.32,35.64,7.22,32.49,78.18,130.44,71.99,65.46,57.96,50.26,72.28,55.28,66.5,48.95,65.62,41.47,117.52,24.22,12.7,83.88,75.02,76.35,23.22,61.02,60.09,131.68,35.97,77.91,57.67,49.41,76.82,57.65,30.72,22.99,70.8,32.32,0.0,86.79,48.62,73.29,85.11,78.03,65.32,43.55,64.8,73.05,127.8,71.15,81.56,42.72,108.02
47.74,53.68,41.98,72.23,31.3,27.74,36.33,42.09,97.43,30.1,30.63,25.76,19.67,53.65,86.75,75.89,59.14,63.72,114.55,40.37,55.88,76.2,87.65,13.34,34.04,16.38,18.29,74.06,50.01,26.31,31.48,114.62,117.78,11.04,78.29,56.71,50.49,35.26,21.69,15.56,84.09,53.44,87.58,35.67,55.19,66.28,23.18,42.47,67.54,61.0,32.11,100.42,63.41,67.34,34.2,58.92,107.33,22.68,83.88,72.98,129.84,17.22,13.17,41.06,32.02,41.83,43.57,58.12,75.13,25.88,20.78,36.74,60.5,42.31,41.91,40.92,70.78,138.7,20.25,40.14,7.97,35.17,85.41,47.16,90.39,60.01,69.43,0.0,27.29,31.08,68.93,17.43,38.08,53.9,77.0,56.52,53.22,62.52,21.37,124.0,61.63
28.57,44.74,32.44,30.42,20.87,41.21,18.8,14.44,68.94,25.95,48.03,24.75,24.85,48.64,102.91,49.59,57.02,40.02,87.72,30.26,23.38,58.23,65.95,13.2,19.01,17.31,7.3,40.69,74.55,2.6,43.39,59.41,90.53,43.27,55.8,32.25,28.98,72.52,26.86,35.14,64.0,31.97,60.29,20.43,52.17,57.36,26.96,50.54,64.29,64.2,41.14,58.9,55.56,35.62,46.87,60.12,80.32,38.98,85.13,50.16,99.37,16.11,17.98,19.75,22.07,26.61,53.34,31.82,54.46,30.26,12.58,45.19,32.56,21.35,38.56,75.18,44.77,133.34,7.36,27.59,16.2,25.31,39.08,25.82,78.69,37.28,60.78,21.83,0.0,13.5,37.12,22.94,25.39,59.17,78.13,43.03,70.02,52.57,37.9,83.87,54.34
17.27,57.5,32.36,38.31,29.28,31.0,12.04,36.49,57.06,16.27,43.43,8.04,12.5,32.98,109.8,48.13,54.01,26.11,77.34,16.86,36.79,51.93,85.71,13.17,9.2,11.03,10.76,34.43,57.66,15.93,28.66,67.8,95.0,42.06,63.48,52.48,18.29,39.82,20.88,27.0,53.63,27.64,44.25,25.64,52.69,41.52,26.35,41.12,62.23,79.3,32.1,75.34,65.84,36.68,29.51,62.96,62.5,17.49,49.19,37.52,121.46,8.35,12.45,37.15,11.18,18.63,29.62,41.15,78.36,26.26,10.53,35.81,34.37,18.44,25.47,50.73,47.39,133.71,25.37,17.6,16.51,43.79,40.56,39.05,82.38,29.36,48.86,24.87,13.5,0.0,33.61,28.68,12.48,33.58,87.16,44.3,75.07,29.35,23.21,87.34,42.11
23.32,69.7,7.13,47.52,49.86,52.49,25.81,43.97,60.92,20.17,58.92,24.72,30.58,18.45,105.87,41.95,47.5,10.69,61.92,29.72,41.89,39.38,62.22,47.81,22.18,48.51,43.85,36.79,60.17,46.58,43.69,95.49,58.68,66.12,45.48,76.27,12.26,65.95,48.76,58.84,34.54,36.31,67.72,53.5,21.35,8.12,47.27,51.78,57.54,112.56,45.03,57.51,81.01,38.59,40.77,82.22,52.95,45.9,34.82,23.47,78.8,38.14,48.36,50.07,29.22,35.71,46.34,57.69,95.54,49.48,49.21,45.74,41.36,18.22,13.77,51.95,30.71,115.53,42.05,32.77,59.36,69.85,56.63,55.41,52.89,29.94,85.11,68.93,44.54,25.86,0.0,65.33,14.33,24.12,53.64,30.43,77.7,8.09,40.86,73.77,61.53
41.04,43.15,65.0,65.43,35.79,54.75,50.75,27.8,97.94,52.36,45.76,41.22,36.37,89.17,107.72,89.75,79.24,73.78,113.48,51.05,40.26,67.64,71.52,18.18,53.97,30.38,26.89,58.05,66.57,25.38,44.42,83.38,76.2,28.41,73.43,38.98,55.92,72.19,27.86,30.39,88.78,43.56,56.09,24.57,88.87,72.7,34.63,46.07,99.07,51.69,57.15,79.71,68.36,59.44,50.25,85.87,128.88,45.95,75.74,52.55,101.01,32.78,26.02,29.12,54.7,47.56,46.86,64.11,74.84,33.31,22.01,62.5,65.29,60.36,48.23,70.61,83.7,106.03,19.62,44.95,20.17,10.86,84.9,53.2,95.57,56.37,62.43,17.43,28.67,34.42,65.33,0.0,41.03,70.26,117.84,55.42,85.05,76.79,34.57,96.57,60.78
19.83,89.33,13.14,44.16,50.33,36.34,11.75,45.11,81.31,4.68,36.63,13.51,16.29,32.36,111.52,37.68,31.93,17.81,75.16,14.18,35.85,54.96,67.99,29.88,10.47,27.34,34.78,47.64,62.29,29.57,19.63,72.75,82.31,47.63,52.35,78.7,11.27,60.21,26.78,25.09,46.38,27.94,46.3,35.73,35.4,23.47,33.34,38.89,62.26,86.88,30.64,49.19,60.39,29.4,38.47,79.57,83.55,21.68,48.06,29.53,75.99,22.72,29.85,59.84,6.18,29.32,26.45,46.71,71.48,25.0,22.87,40.58,35.44,18.47,14.14,46.13,52.18,128.79,29.37,16.44,30.91,55.29,52.8,48.32,56.79,30.21,65.32,31.73,38.08,12.48,17.19,53.35,0.0,40.84,64.45,24.83,74.94,13.21,25.4,86.76,46.85
26.33,65.89,23.14,47.22,48.45,71.71,31.15,41.15,28.34,39.98,95.71,42.92,62.59,7.88,63.04,21.61,86.0,13.55,49.6,35.77,34.87,9.71,43.74,65.51,39.73,49.12,63.36,35.26,112.65,44.98,55.1,87.08,48.54,92.32,17.03,49.85,18.7,87.29,53.11,76.22,11.45,19.53,29.52,41.05,3.68,29.51,52.14,56.59,39.27,111.33,68.58,33.95,58.1,22.04,68.04,103.98,37.67,58.09,26.67,9.72,58.52,41.61,55.21,47.89,31.47,27.65,68.53,35.93,78.03,62.48,40.09,64.94,24.44,28.04,17.12,79.35,21.12,59.08,54.58,27.44,55.47,58.91,31.98,52.05,32.13,26.76,52.26,64.68,39.45,50.37,18.55,87.83,32.67,0.0,32.07,50.45,99.75,24.1,72.5,51.67,59.42
49.01,77.08,66.75,50.59,78.63,122.21,50.08,68.41,7.19,74.47,117.0,61.4,100.64,39.66,40.68,24.41,109.19,48.21,19.74,74.96,61.69,27.95,21.69,66.84,51.89,65.23,64.82,31.38,151.93,57.94,94.43,63.79,26.98,111.72,22.66,67.51,45.35,93.79,102.2,91.2,23.92,43.07,36.66,56.18,29.1,73.77,101.11,124.94,29.68,146.73,79.21,23.7,45.21,49.26,124.94,106.66,16.65,89.14,25.5,38.38,22.91,86.36,84.09,63.25,69.11,42.41,119.16,45.07,52.95,93.81,82.93,96.88,28.81,42.77,39.58,105.24,29.64,32.38,66.17,43.77,89.74,113.74,34.7,46.16,21.28,37.9,43.2,100.1,72.12,75.53,44.7,94.28,80.57,32.07,0.0,97.34,124.12,50.59,111.87,27.18,111.42
51.73,77.44,32.65,94.44,78.82,28.04,40.08,53.38,80.57,20.77,46.51,29.27,41.19,34.44,135.38,62.56,24.99,27.07,107.66,16.93,65.93,46.33,93.26,45.19,33.81,32.34,58.39,70.6,59.27,51.26,14.55,118.25,117.84,52.55,65.82,93.02,29.62,44.34,42.19,42.69,63.63,40.87,82.57,81.78,49.91,21.95,31.03,28.07,67.55,98.99,32.23,76.93,102.62,61.03,31.22,45.56,63.29,40.95,58.11,38.98,110.94,39.3,46.1,69.7,21.02,53.79,22.72,70.76,102.14,33.23,44.66,23.61,63.08,48.56,34.12,31.7,75.19,116.57,59.47,45.72,40.07,74.95,73.86,73.1,70.51,71.3,73.05,43.48,51.64,38.4,24.34,55.42,24.83,50.45,84.36,0.0,41.81,17.97,28.93,97.82,27.11
78.35,111.01,59.06,131.78,108.24,36.51,74.14,91.26,104.16,55.63,24.49,44.59,40.67,110.2,123.02,131.35,31.52,75.92,161.5,61.46,115.86,128.44,159.21,72.41,53.44,54.72,76.64,109.59,17.66,77.54,46.26,175.98,146.42,52.4,135.16,117.44,69.72,10.23,47.35,52.48,87.93,107.87,113.0,107.76,79.2,58.48,40.8,20.14,131.44,78.4,25.43,98.83,104.24,100.97,31.1,4.7,155.84,42.73,111.79,96.94,187.85,55.95,52.12,106.69,46.86,89.15,24.14,98.02,130.3,28.42,58.01,27.68,125.85,81.86,95.95,26.46,126.72,135.72,67.48,63.76,58.14,80.91,107.66,118.75,113.99,94.45,98.31,53.22,75.85,50.05,71.72,85.05,59.95,115.09,155.15,41.81,0.0,64.28,30.73,151.14,29.43
24.99,103.09,8.17,74.36,62.26,51.54,26.12,43.32,78.61,17.55,43.06,26.27,30.89,26.18,97.88,55.75,33.49,18.23,56.89,13.77,64.11,41.97,85.15,33.14,20.86,42.47,39.99,39.92,64.88,40.88,29.78,76.7,82.67,45.7,39.88,89.41,12.71,57.86,52.7,34.0,34.75,26.68,73.28,44.15,26.82,11.28,44.01,43.7,78.88,107.02,47.17,63.88,97.58,39.12,41.5,57.03,60.4,44.6,49.38,31.21,71.8,41.01,39.48,48.99,19.52,34.16,44.15,48.85,78.67,38.67,43.83,41.52,56.92,24.74,17.69,48.36,35.17,107.84,47.25,29.08,46.68,67.17,62.9,43.74,49.77,39.68,77.08,50.01,42.05,22.58,8.09,66.55,15.24,28.92,60.71,14.97,69.63,0.0,42.28,99.85,42.4
52.44,78.99,31.76,74.68,63.66,6.91,34.3,53.54,89.45,17.78,23.21,18.11,15.39,55.23,120.04,86.53,18.81,41.82,116.42,14.52,61.2,69.36,90.9,19.9,34.7,19.02,29.12,53.59,34.8,39.07,15.6,86.96,106.77,25.62,60.12,61.36,38.78,30.76,8.39,14.27,89.66,53.86,63.45,42.74,50.5,36.15,9.06,19.45,70.61,70.22,5.36,102.86,88.74,56.47,13.28,43.26,92.23,3.94,78.92,45.15,97.05,15.69,23.47,65.29,25.49,49.2,18.73,66.29,91.84,6.06,22.42,10.23,79.92,49.05,52.75,21.08,81.55,138.43,34.52,43.12,31.79,43.66,77.0,58.72,102.62,57.75,67.97,25.64,43.73,19.34,40.86,51.86,25.4,48.33,96.96,36.16,36.88,33.83,0.0,128.79,26.41
50.97,106.05,77.81,56.31,52.95,139.0,77.41,57.32,16.46,105.42,120.68,107.93,99.83,57.6,13.53,35.32,147.86,65.65,13.51,98.99,46.92,45.81,15.18,95.38,94.25,88.05,106.24,43.37,111.53,93.65,129.56,30.31,6.44,111.55,40.1,48.56,71.47,127.39,114.35,127.31,53.04,53.31,31.79,83.99,40.22,67.55,87.44,125.44,15.34,135.64,118.29,26.36,38.18,50.66,114.66,142.87,41.38,109.97,56.98,42.72,44.06,75.27,116.29,80.82,83.29,48.82,111.82,45.71,49.59,106.68,71.25,93.2,49.28,69.28,53.56,102.18,31.96,27.07,69.93,63.28,74.93,112.22,39.97,54.04,46.77,49.18,32.86,107.47,64.51,100.78,73.77,96.57,100.11,64.58,22.65,81.52,174.39,86.54,85.86,0.0,132.21
68.32,104.5,62.86,119.34,86.47,29.86,55.84,66.1,87.74,32.92,28.07,53.91,53.12,66.26,142.96,108.4,12.3,46.99,110.61,32.2,105.3,100.76,137.66,45.97,41.89,61.95,72.33,109.03,40.48,71.25,23.74,108.6,147.83,55.45,89.96,128.75,50.65,27.12,39.76,35.45,104.66,59.29,106.99,101.29,74.59,48.68,38.4,19.86,130.97,120.35,22.76,84.17,115.22,65.42,19.79,42.64,100.83,30.3,97.83,70.78,159.23,57.82,62.99,69.29,45.94,87.31,13.94,93.28,141.32,35.79,44.02,25.09,92.81,50.25,72.24,10.31,83.91,176.97,54.88,52.3,57.01,84.08,76.26,71.81,97.44,99.29,117.02,71.11,70.65,42.11,61.53,60.78,46.85,59.42,102.85,20.85,36.78,42.4,34.33,152.55,0.0
